0xb6d38	0x10fe08	bl fcn.0010fe08
0xb6e00	0x10fe08	bl fcn.0010fe08
0xb6e24	0x110978	bl fcn.00110978
0xb6e3c	0x110978	bl fcn.00110978
0xb6e50	0x110a94	bl fcn.00110a94
0xb6e68	0x110a94	bl fcn.00110a94
0xb6e7c	0x1104e8	bl fcn.001104e8
0xb6e9c	0x110504	bl fcn.00110504
0xb6eb0	0x10fe08	bl fcn.0010fe08
0xb6ed4	0x110978	bl fcn.00110978
0xb6ee8	0x110a94	bl fcn.00110a94
0xb6f04	0x110504	bl fcn.00110504
0xb6f14	0x110978	bl fcn.00110978
0xb6f2c	0x110978	bl fcn.00110978
0xb6f40	0x111018	bl fcn.00111018
0xb6f54	0x110a94	bl fcn.00110a94
0xb6f6c	0x110a94	bl fcn.00110a94
0xb6f80	0x1104e8	bl fcn.001104e8
0xb6fa0	0x110504	bl fcn.00110504
0xb6fb4	0x10fe08	bl fcn.0010fe08
0xb6fd8	0x110978	bl fcn.00110978
0xb6ff0	0x110978	bl fcn.00110978
0xb7004	0x110a94	bl fcn.00110a94
0xb701c	0x110a94	bl fcn.00110a94
0xb7030	0x1104e8	bl fcn.001104e8
0xb7050	0x110504	bl fcn.00110504
0xb7064	0x10fe08	bl fcn.0010fe08
0xb7088	0x110978	bl fcn.00110978
0xb70a0	0x110978	bl fcn.00110978
0xb70b4	0x110a94	bl fcn.00110a94
0xb70cc	0x110a94	bl fcn.00110a94
0xb70e0	0x1104e8	bl fcn.001104e8
0xb7100	0x110504	bl fcn.00110504
0xb7114	0x10fe08	bl fcn.0010fe08
0xb7138	0x110978	bl fcn.00110978
0xb7150	0x110978	bl fcn.00110978
0xb7164	0x110a94	bl fcn.00110a94
0xb717c	0x110a94	bl fcn.00110a94
0xb7190	0x1104e8	bl fcn.001104e8
0xb71b0	0x110504	bl fcn.00110504
0xb71c4	0x10fe08	bl fcn.0010fe08
0xb71e8	0x110978	bl fcn.00110978
0xb7200	0x110978	bl fcn.00110978
0xb7214	0x110a94	bl fcn.00110a94
0xb722c	0x110a94	bl fcn.00110a94
0xb7240	0x1104e8	bl fcn.001104e8
0xb7260	0x110504	bl fcn.00110504
0xb7274	0x10fe08	bl fcn.0010fe08
0xb7298	0x110978	bl fcn.00110978
0xb72ac	0x110a94	bl fcn.00110a94
0xb72c0	0x110504	bl fcn.00110504
0xb72d0	0x110978	bl fcn.00110978
0xb72e8	0x110978	bl fcn.00110978
0xb7300	0x110978	bl fcn.00110978
0xb7314	0x110a94	bl fcn.00110a94
0xb732c	0x110a94	bl fcn.00110a94
0xb7340	0x1104e8	bl fcn.001104e8
0xb7360	0x110504	bl fcn.00110504
0xb7374	0x10fe08	bl fcn.0010fe08
0xb7398	0x110978	bl fcn.00110978
0xb73b0	0x110bc8	bl fcn.00110bc8
0xb73c4	0x110a94	bl fcn.00110a94
0xb73dc	0x110a94	bl fcn.00110a94
0xb73f4	0x110978	bl fcn.00110978
0xb740c	0x110978	bl fcn.00110978
0xb7424	0x110bc8	bl fcn.00110bc8
0xb7438	0x110a94	bl fcn.00110a94
0xb7450	0x110a94	bl fcn.00110a94
0xb746c	0x110978	bl fcn.00110978
0xb7484	0x110978	bl fcn.00110978
0xb7498	0x110a94	bl fcn.00110a94
0xb74b0	0x110a94	bl fcn.00110a94
0xb74cc	0x110978	bl fcn.00110978
0xb74e0	0x110a94	bl fcn.00110a94
0xb74f8	0x110a94	bl fcn.00110a94
0xb7510	0x110978	bl fcn.00110978
0xb7524	0x111018	bl fcn.00111018
0xb753c	0x110978	bl fcn.00110978
0xb7550	0x110a94	bl fcn.00110a94
0xb7568	0x110a94	bl fcn.00110a94
0xb7580	0x110978	bl fcn.00110978
0xb7598	0x110978	bl fcn.00110978
0xb75b0	0x1111c0	bl fcn.001111c0
0xb75d0	0x110a94	bl fcn.00110a94
0xb75e8	0x110a94	bl fcn.00110a94
0xb75fc	0x1104e8	bl fcn.001104e8
0xb761c	0x110504	bl fcn.00110504
0xb7630	0x10fe08	bl fcn.0010fe08
0xb7650	0x111018	bl fcn.00111018
0xb7668	0x110978	bl fcn.00110978
0xb767c	0x110a94	bl fcn.00110a94
0xb7694	0x110a94	bl fcn.00110a94
0xb76ac	0x110978	bl fcn.00110978
0xb76c0	0x110a94	bl fcn.00110a94
0xb76d4	0x110504	bl fcn.00110504
0xb76e4	0x110978	bl fcn.00110978
0xb76fc	0x110978	bl fcn.00110978
0xb7714	0x110bc8	bl fcn.00110bc8
0xb7728	0x110a94	bl fcn.00110a94
0xb7740	0x110a94	bl fcn.00110a94
0xb7758	0x110978	bl fcn.00110978
0xb7770	0x110978	bl fcn.00110978
0xb7788	0x1111c0	bl fcn.001111c0
0xb779c	0x110a94	bl fcn.00110a94
0xb77b4	0x110a94	bl fcn.00110a94
0xb77c8	0x1104e8	bl fcn.001104e8
0xb77e8	0x110504	bl fcn.00110504
0xb77fc	0x10fe08	bl fcn.0010fe08
0xb7820	0x110978	bl fcn.00110978
0xb7838	0x110bc8	bl fcn.00110bc8
0xb784c	0x110a94	bl fcn.00110a94
0xb7864	0x110a94	bl fcn.00110a94
0xb787c	0x110978	bl fcn.00110978
0xb7894	0x110978	bl fcn.00110978
0xb78ac	0x110bc8	bl fcn.00110bc8
0xb78c0	0x110a94	bl fcn.00110a94
0xb78d8	0x110a94	bl fcn.00110a94
0xb78f4	0x110978	bl fcn.00110978
0xb790c	0x110978	bl fcn.00110978
0xb7920	0x110a94	bl fcn.00110a94
0xb7938	0x110a94	bl fcn.00110a94
0xb7954	0x110978	bl fcn.00110978
0xb7968	0x110a94	bl fcn.00110a94
0xb7980	0x110a94	bl fcn.00110a94
0xb7998	0x110978	bl fcn.00110978
0xb79b0	0x110978	bl fcn.00110978
0xb79c4	0x110a94	bl fcn.00110a94
0xb79d8	0x110504	bl fcn.00110504
0xb79e8	0x110978	bl fcn.00110978
0xb7a00	0x110978	bl fcn.00110978
0xb7a14	0x110a94	bl fcn.00110a94
0xb7a28	0x110504	bl fcn.00110504
0xb7a38	0x110978	bl fcn.00110978
0xb7a4c	0x1102f0	bl fcn.001102f0
0xb7a60	0x10eadc	bl fcn.0010eadc
0xb7aa4	0x110978	bl fcn.00110978
0xb7abc	0x110978	bl fcn.00110978
0xb7ad4	0x110bc8	bl fcn.00110bc8
0xb7ae8	0x110a94	bl fcn.00110a94
0xb7b00	0x110a94	bl fcn.00110a94
0xb7b18	0x110978	bl fcn.00110978
0xb7b30	0x1111c0	bl fcn.001111c0
0xb7b44	0x110a94	bl fcn.00110a94
0xb7b5c	0x110978	bl fcn.00110978
0xb7b74	0x110978	bl fcn.00110978
0xb7b8c	0x110bc8	bl fcn.00110bc8
0xb7ba0	0x110a94	bl fcn.00110a94
0xb7bb8	0x110a94	bl fcn.00110a94
0xb7bd0	0x110978	bl fcn.00110978
0xb7be4	0x110a94	bl fcn.00110a94
0xb7bfc	0x110a94	bl fcn.00110a94
0xb7c14	0x110978	bl fcn.00110978
0xb7c2c	0x110bc8	bl fcn.00110bc8
0xb7c40	0x110a94	bl fcn.00110a94
