0x9de3a	0x101db0	call fcn.00101db0
0x9dedb	0x101db0	call fcn.00101db0
0x9df0c	0x102640	call fcn.00102640
0x9df2f	0x102640	call fcn.00102640
0x9df4d	0x102700	call fcn.00102700
0x9df6e	0x102700	call fcn.00102700
0x9df8d	0x1022b0	call fcn.001022b0
0x9dfba	0x1022c0	call fcn.001022c0
0x9dfca	0x101db0	call fcn.00101db0
0x9dff5	0x102640	call fcn.00102640
0x9e013	0x102700	call fcn.00102700
0x9e02f	0x1022c0	call fcn.001022c0
0x9e041	0x102640	call fcn.00102640
0x9e061	0x102640	call fcn.00102640
0x9e07f	0x102f50	call fcn.00102f50
0x9e09d	0x102700	call fcn.00102700
0x9e0be	0x102700	call fcn.00102700
0x9e0dd	0x1022b0	call fcn.001022b0
0x9e10b	0x1022c0	call fcn.001022c0
0x9e11a	0x101db0	call fcn.00101db0
0x9e145	0x102640	call fcn.00102640
0x9e168	0x102640	call fcn.00102640
0x9e186	0x102700	call fcn.00102700
0x9e1a7	0x102700	call fcn.00102700
0x9e1c6	0x1022b0	call fcn.001022b0
0x9e1f3	0x1022c0	call fcn.001022c0
0x9e203	0x101db0	call fcn.00101db0
0x9e22e	0x102640	call fcn.00102640
0x9e251	0x102640	call fcn.00102640
0x9e26f	0x102700	call fcn.00102700
0x9e290	0x102700	call fcn.00102700
0x9e2af	0x1022b0	call fcn.001022b0
0x9e2dc	0x1022c0	call fcn.001022c0
0x9e2ec	0x101db0	call fcn.00101db0
0x9e317	0x102640	call fcn.00102640
0x9e33a	0x102640	call fcn.00102640
0x9e358	0x102700	call fcn.00102700
0x9e379	0x102700	call fcn.00102700
0x9e398	0x1022b0	call fcn.001022b0
0x9e3c5	0x1022c0	call fcn.001022c0
0x9e3d5	0x101db0	call fcn.00101db0
0x9e400	0x102640	call fcn.00102640
0x9e423	0x102640	call fcn.00102640
0x9e441	0x102700	call fcn.00102700
0x9e462	0x102700	call fcn.00102700
0x9e481	0x1022b0	call fcn.001022b0
0x9e4ae	0x1022c0	call fcn.001022c0
0x9e4be	0x101db0	call fcn.00101db0
0x9e4e9	0x102640	call fcn.00102640
0x9e507	0x102700	call fcn.00102700
0x9e523	0x1022c0	call fcn.001022c0
0x9e535	0x102640	call fcn.00102640
0x9e558	0x102640	call fcn.00102640
0x9e57b	0x102640	call fcn.00102640
0x9e599	0x102700	call fcn.00102700
0x9e5ba	0x102700	call fcn.00102700
0x9e5d9	0x1022b0	call fcn.001022b0
0x9e607	0x1022c0	call fcn.001022c0
0x9e616	0x101db0	call fcn.00101db0
0x9e641	0x102640	call fcn.00102640
0x9e664	0x1027d0	call fcn.001027d0
0x9e682	0x102700	call fcn.00102700
0x9e6a2	0x102700	call fcn.00102700
0x9e6ca	0x102640	call fcn.00102640
0x9e6ed	0x102640	call fcn.00102640
0x9e710	0x1027d0	call fcn.001027d0
0x9e72e	0x102700	call fcn.00102700
0x9e74e	0x102700	call fcn.00102700
0x9e774	0x102640	call fcn.00102640
0x9e794	0x102640	call fcn.00102640
0x9e7b2	0x102700	call fcn.00102700
0x9e7d2	0x102700	call fcn.00102700
0x9e7f7	0x102640	call fcn.00102640
0x9e815	0x102700	call fcn.00102700
0x9e835	0x102700	call fcn.00102700
0x9e857	0x102640	call fcn.00102640
0x9e875	0x102f50	call fcn.00102f50
0x9e898	0x102640	call fcn.00102640
0x9e8b6	0x102700	call fcn.00102700
0x9e8d6	0x102700	call fcn.00102700
0x9e8f8	0x102640	call fcn.00102640
0x9e91b	0x102640	call fcn.00102640
0x9e93e	0x1030a0	call fcn.001030a0
0x9e95c	0x102700	call fcn.00102700
0x9e97f	0x102700	call fcn.00102700
0x9e999	0x1022b0	call fcn.001022b0
0x9e9c6	0x1022c0	call fcn.001022c0
0x9e9d6	0x101db0	call fcn.00101db0
0x9e9fd	0x102f50	call fcn.00102f50
0x9ea20	0x102640	call fcn.00102640
0x9ea3e	0x102700	call fcn.00102700
0x9ea5e	0x102700	call fcn.00102700
0x9ea80	0x102640	call fcn.00102640
0x9ea9e	0x102700	call fcn.00102700
0x9eaba	0x1022c0	call fcn.001022c0
0x9eacc	0x102640	call fcn.00102640
0x9eaef	0x102640	call fcn.00102640
0x9eb12	0x1027d0	call fcn.001027d0
0x9eb30	0x102700	call fcn.00102700
0x9eb50	0x102700	call fcn.00102700
0x9eb72	0x102640	call fcn.00102640
0x9eb95	0x102640	call fcn.00102640
0x9ebb8	0x1030a0	call fcn.001030a0
0x9ebd6	0x102700	call fcn.00102700
0x9ebf9	0x102700	call fcn.00102700
0x9ec14	0x1022b0	call fcn.001022b0
0x9ec41	0x1022c0	call fcn.001022c0
0x9ec51	0x101db0	call fcn.00101db0
0x9ec7c	0x102640	call fcn.00102640
0x9ec9f	0x1027d0	call fcn.001027d0
0x9ecbd	0x102700	call fcn.00102700
0x9ecdd	0x102700	call fcn.00102700
0x9ed05	0x102640	call fcn.00102640
0x9ed28	0x102640	call fcn.00102640
0x9ed4b	0x1027d0	call fcn.001027d0
0x9ed69	0x102700	call fcn.00102700
0x9ed89	0x102700	call fcn.00102700
0x9edaf	0x102640	call fcn.00102640
0x9edcf	0x102640	call fcn.00102640
0x9eded	0x102700	call fcn.00102700
0x9ee0d	0x102700	call fcn.00102700
0x9ee32	0x102640	call fcn.00102640
0x9ee50	0x102700	call fcn.00102700
0x9ee70	0x102700	call fcn.00102700
0x9ee92	0x102640	call fcn.00102640
0x9eeb5	0x102640	call fcn.00102640
0x9eed3	0x102700	call fcn.00102700
0x9eeef	0x1022c0	call fcn.001022c0
0x9ef01	0x102640	call fcn.00102640
0x9ef21	0x102640	call fcn.00102640
0x9ef3f	0x102700	call fcn.00102700
0x9ef5b	0x1022c0	call fcn.001022c0
0x9ef6d	0x102640	call fcn.00102640
0x9ef8c	0x102150	call fcn.00102150
0x9ef9d	0x100bd0	call fcn.00100bd0
0x9efbd	0x102640	call fcn.00102640
0x9f000	0x102640	call fcn.00102640
0x9f023	0x1027d0	call fcn.001027d0
0x9f041	0x102700	call fcn.00102700
0x9f061	0x102700	call fcn.00102700
0x9f085	0x102640	call fcn.00102640
0x9f0a8	0x1030a0	call fcn.001030a0
0x9f0c6	0x102700	call fcn.00102700
0x9f0e9	0x102640	call fcn.00102640
0x9f10c	0x102640	call fcn.00102640
0x9f12f	0x1027d0	call fcn.001027d0
0x9f14d	0x102700	call fcn.00102700
0x9f16d	0x102700	call fcn.00102700
0x9f18f	0x102640	call fcn.00102640
0x9f1ad	0x102700	call fcn.00102700
0x9f1cd	0x102700	call fcn.00102700
0x9f1f1	0x102640	call fcn.00102640
0x9f214	0x1027d0	call fcn.001027d0
